ts,cpu_mean,memory_mean,cpu_std,memory_std,request_rate_mean,request_rate_std
00:00:00,0.1302274335723868,0.6105737193176928,0.0145669996550247,0.0133304484571153,3480.4572309159057,4266.785678629816
00:01:00,0.1373450762858414,0.6105189314885255,0.015196145273545,0.0133439424356842,3323.016802660612,4075.8606164802495
00:02:00,0.1369912063208401,0.6103940131526735,0.0151877958907761,0.0136162387498677,3307.868317787505,4051.5816919005024
00:03:00,0.1361376856000938,0.6103538310251486,0.0155557739380193,0.0134540059111845,3360.0975163235057,4165.369765764521
00:04:00,0.1345997972788298,0.6106108663308528,0.0151178372971831,0.013340306035882,3365.399896292533,4158.993975745103
00:05:00,0.1349925164836528,0.6108177104379845,0.0149489482887299,0.013204638513046,3429.2690258686366,4249.80030788569
00:06:00,0.1351464068097431,0.6110036393875665,0.0149140319489823,0.0131654634274343,3369.367203906482,4157.448781078115
00:07:00,0.1355484144375595,0.6108065750594511,0.0151934262632501,0.013214585481841,3313.0514846692986,4073.6228648228735
00:08:00,0.134343098322401,0.6107269026791067,0.0149444699579566,0.0133678145742699,3379.11882817806,4158.998902839138
00:09:00,0.1337386100149419,0.6105369692393438,0.0149029516545583,0.0133969770087729,3376.084298200759,4169.75732495571
00:10:00,0.1350945253701357,0.6106986049609592,0.0150467470879638,0.0133306931091144,3496.1868348203757,4333.36455125924
00:11:00,0.1367111466593212,0.6108074617816923,0.0149827129295409,0.013309399213765,3450.002295122474,4251.244733822736
00:12:00,0.136819636437921,0.6107957765761705,0.0149770685623397,0.0133093443653478,3534.7569755543204,4399.196377565952
00:13:00,0.1368760097414519,0.610825486881511,0.0151194548447032,0.0133106856476296,3320.7561720326694,4060.309028035965
00:14:00,0.1358911472605644,0.6109446237488615,0.0150669460020087,0.0133214279786263,3340.8147881342925,4094.123117067238
00:15:00,0.1351228357645179,0.6106133916264358,0.0149163799344229,0.0134869875888633,3427.715296661095,4235.196587184755
00:16:00,0.1365913464922561,0.6107154790582099,0.0152848364614648,0.0134454857027223,3370.072506301314,4148.13398415668
00:17:00,0.1362635661858995,0.6108212268029697,0.0151367146689025,0.0133865765110371,3250.241183600833,3966.437833494748
00:18:00,0.1345145444575501,0.6108688123506225,0.0146271993202472,0.0133478101238532,3246.2717361025148,3969.91021413329
00:19:00,0.1340162030906129,0.6107750034969268,0.014266339559493,0.0133349136891934,3285.915536477293,4014.9489021420823
00:20:00,0.1345779487159979,0.6107152576721748,0.01447387779769,0.0134361417213769,3433.3155350773395,4224.90338831357
00:21:00,0.1376101553682872,0.6107433620500731,0.0149061815494382,0.0134645106232831,3376.334558268539,4144.6024063533205
00:22:00,0.136863988201432,0.6107604666931529,0.0147926816406355,0.013373340530711,3402.399684279705,4200.676925973047
00:23:00,0.1361806814854262,0.6105915546698585,0.0147151275317297,0.0135255816255952,3407.1604640287505,4207.512850623069
00:24:00,0.1359755518959828,0.6105910967838902,0.0145872138790153,0.0135636825863112,3284.497114465213,3992.359608635936
00:25:00,0.1364885866520128,0.6104983299619363,0.0145451817642661,0.013539779491473,3438.594910647979,4251.250430260361
00:26:00,0.1369287663651828,0.6105665186360513,0.0145816564819425,0.0134543567280366,3409.2596264133253,4202.905938587611
00:27:00,0.1350436277147861,0.6107114284255907,0.0143672807387593,0.0134081660755479,3267.460310064399,3982.985771553291
00:28:00,0.1348635446951639,0.6107907547615394,0.0143024655800701,0.0133299140887873,3303.6813657587245,4028.6498875943134
00:29:00,0.1352531164354954,0.6108387468414683,0.0143923893414059,0.0133007239823173,3307.456754037199,4033.5817934603897
00:30:00,0.135228513150625,0.6107028535680398,0.0145510344102025,0.0133424617928604,3509.757485046937,4322.239876624613
00:31:00,0.1389209154133443,0.6108621234815105,0.0152504678644233,0.0133611023454636,3473.25406452388,4287.436362019384
00:32:00,0.1374534536169898,0.6108316329512772,0.0153164280808346,0.0134876362007316,3455.9636172714495,4265.968039276927
00:33:00,0.135412624247473,0.610532370471641,0.0148176753007455,0.0134405374416398,3424.0584242434597,4214.332492414856
00:34:00,0.1359361420676065,0.6105730620628378,0.0148436725522649,0.0133990093982221,3363.5651295173016,4096.995922240518
00:35:00,0.1368756639530665,0.6107668272435168,0.0152196638308692,0.013298642438432,3415.350983903055,4206.650890890453
00:36:00,0.1365218190553222,0.6107574159958923,0.0153305914629819,0.0132324858337792,3467.12762915212,4270.663345482784
00:37:00,0.1364254970204483,0.6109728176012443,0.0152357294994013,0.0131433330378524,3437.4826217820832,4238.844332199981
00:38:00,0.1359457457259202,0.6108985373926041,0.0146622342196535,0.0132761874743568,3454.0082652147894,4275.44149657807
00:39:00,0.1355296918828891,0.6107036684119057,0.0145185149387372,0.0133280689350539,3415.612262006182,4221.020723292117
00:40:00,0.1365922623741228,0.6105811580809398,0.014656826749925,0.0134703777244637,3538.0706517379645,4374.643120308786
00:41:00,0.1391212838872269,0.6105248218186488,0.0152795574470281,0.0134438774361617,3458.0107866747994,4261.182710836137
00:42:00,0.1385688535899066,0.6108144742915264,0.0152547909670321,0.013324863920185,3422.372517683332,4184.2025636690305
00:43:00,0.1381005914567436,0.6109806871795588,0.0150987469929725,0.0131824129903249,3418.1089202639646,4186.863036237979
00:44:00,0.1369355125361633,0.6109789251346379,0.0145825707361552,0.0131917974296513,3409.9274551976946,4174.691131443203
00:45:00,0.1369217837593332,0.6109460048599369,0.0148267016307667,0.0132258937237481,3477.2115763247084,4290.670501265815
00:46:00,0.1375389430989124,0.6105871690728254,0.0146404428950102,0.0134023863072622,3507.4138219189026,4330.712239720066
00:47:00,0.138125122263355,0.6108016182792775,0.0149164735460772,0.0133413810474895,3504.8427512723247,4328.1522795696
00:48:00,0.1376978770596673,0.6108454326228094,0.0149945801729219,0.0133554158063049,3366.4273930753043,4088.963724685421
00:49:00,0.1374313166339573,0.6109813294743188,0.0151513836139611,0.0132658157298629,3459.198698240562,4261.539137099715
00:50:00,0.1391434033201552,0.6112957407972188,0.0156887903402839,0.0132000085793556,3585.866630454345,4438.860014215479
00:51:00,0.1409875415886668,0.6107516446661349,0.0159686263512331,0.013129621456071,3477.451905529976,4263.524478371922
00:52:00,0.1407203503366441,0.6107713892236163,0.015995330941951,0.0133340950455645,3475.199767933076,4250.348738885584
00:53:00,0.1398104342401448,0.6107529644959641,0.0157611631259921,0.013478086940877,3457.0109208051094,4245.163239428517
00:54:00,0.1389542344669126,0.610834065513632,0.0153910116877544,0.0133288636048778,3528.909147709822,4361.830215292188
00:55:00,0.1395758303113563,0.6107054736658387,0.0156298938687318,0.0133344214251482,3551.918626193039,4387.18171117883
00:56:00,0.1411511439898297,0.6106634279234867,0.015701186480547,0.0133973935342986,3556.8865508525823,4376.600941829728
00:57:00,0.141086323109081,0.6107563168283464,0.0161717177831151,0.0134640882547122,3477.662926320755,4257.337675635327
00:58:00,0.1419685057217842,0.6108397568798498,0.0159839173569858,0.0133878431406978,3633.479702748664,4391.246964459206
00:59:00,0.1409939525222804,0.6109212364562487,0.0157380067621192,0.0133587025906322,3695.4868121706177,4551.300914851385
01:00:00,0.1428493489415249,0.6109576486245957,0.01603512042955,0.0133821055664473,4113.13958280428,5121.042429750497
01:01:00,0.1516164473928499,0.6110651062928874,0.0171523571461143,0.0133383120941609,3739.4947798353846,4579.3805293850855
01:02:00,0.149702106611897,0.611079382616523,0.0166833103581624,0.0133527250801014,3867.128033564976,4801.544093990601
01:03:00,0.1465878020106108,0.6110758316409342,0.016078708058032,0.0134984210146524,3711.445366627398,4574.079321457248
01:04:00,0.1462259328489613,0.610976059703145,0.0160078034413931,0.0134576068540623,3722.3686639069624,4578.157719033384
01:05:00,0.1460817651227829,0.6109024853854677,0.0160440440581908,0.013689858066327,3715.47058896496,4577.940620880006
01:06:00,0.1463870063030486,0.6110685066968841,0.0165034416592507,0.0136568283909292,3727.843166645116,4580.701440161029
01:07:00,0.1472937313362204,0.6112645397724387,0.017229529371459,0.0135632851500961,3643.958720679881,4473.955431991405
01:08:00,0.146751048621905,0.6114386730523321,0.0170007467021625,0.0134165198738226,3752.4538298315183,4632.908652850901
01:09:00,0.1465594434398022,0.6111720768579704,0.0169442496325189,0.0137123376529512,3762.2494099021296,4668.721014950025
01:10:00,0.1474630300925398,0.6110777118576481,0.0168785959634041,0.0138266816045932,3866.082465312284,4815.045374654464
01:11:00,0.148013743322681,0.611025536526739,0.0168555099604332,0.0139112884630761,3954.4018033036305,4871.1661306083215
01:12:00,0.1455742484470479,0.6110599576056776,0.0166126764040628,0.0138651133215139,3770.4983498868182,4646.959464849008
01:13:00,0.1450495806311747,0.6110605166789481,0.0163778051825134,0.0136948631965655,3598.9169073246935,4463.932112913239
01:14:00,0.1449829772124664,0.6112017519311312,0.0162839331916859,0.0135422814817969,3775.824759309827,4696.885031365158
01:15:00,0.1452905138005647,0.6114928649083391,0.0163854513623207,0.0134141728164076,3655.673780886291,4484.132789004482
01:16:00,0.1463757478523806,0.6112683790041941,0.0165912545798655,0.0135293434935249,3726.6371175500353,4601.209654123121
01:17:00,0.1454140948136896,0.6112088257099962,0.0162600431126011,0.0137068470652318,3698.614556100696,4569.400731268032
01:18:00,0.1448264656164155,0.6111682390233165,0.0159958605227814,0.0137782498464808,3690.716205727679,4533.885295132951
01:19:00,0.1447883476350323,0.6108698292177467,0.0160880935123133,0.0139900659404487,3765.8192299013704,4655.47016044628
01:20:00,0.1464934911460878,0.6110894832214079,0.0165888448894597,0.013814280112635,3875.934039134546,4803.525283815069
01:21:00,0.1483981792854511,0.6110146100337944,0.0170073634675646,0.013764798426516,3846.6424313984216,4761.15982033789
01:22:00,0.1483174402437326,0.6113119328747592,0.0178048654172676,0.0134968264224066,4005.0860266938553,5038.127195323775
01:23:00,0.1471022496015223,0.6112482990389342,0.0170759694241272,0.0134362290734868,16602.14015554984,26891.497352107875
01:24:00,0.1455511172450523,0.611171553417166,0.0163717721582722,0.0136207170348114,51305.57233362183,86986.96769547982
01:25:00,0.1465916464576804,0.6108749402034435,0.0164606720115358,0.0139945188501034,3808.0058036912656,4719.078227923094
01:26:00,0.1483196885398523,0.6107869988882069,0.0167428067893772,0.0141546497732674,3799.3203259052952,4695.892667362661
01:27:00,0.1477019247372075,0.6107863426540101,0.0166800259601253,0.0142114838822764,3801.1374620958577,4715.495878413511
01:28:00,0.1477923405053653,0.610795815359524,0.0173379969008074,0.0142284979457221,3803.300792327328,4688.739961598235
01:29:00,0.1482773214178917,0.6108122610959665,0.0173754357947845,0.0140936784158722,3787.7516314252016,4683.240609876912
01:30:00,0.148260819938872,0.6108169664303541,0.0175271498600703,0.0141827888177361,3864.864868205332,4752.978213714493
01:31:00,0.1518883517940135,0.6105683683553184,0.0181358973930245,0.0142125394323155,3845.020846521755,4727.331042950935
01:32:00,0.151421493902112,0.6104459448625117,0.017822850948259,0.0143507756958226,3769.967798774801,4593.5659930669
01:33:00,0.1502656512794058,0.6105576467870519,0.0175774116452358,0.0143810769876173,3825.071139878962,4711.950236883281
01:34:00,0.1489327273948626,0.6105817451191701,0.0167644727328518,0.0143345353001992,3743.613601043904,4576.110673718264
01:35:00,0.1476492624776934,0.6107161320734905,0.0164620700255937,0.0143411388704818,3877.008837130668,4790.558170230833
01:36:00,0.1495684460779234,0.6108557356724841,0.0167388800479771,0.0142012825921504,3730.9452320598575,4545.421982524342
01:37:00,0.1493011801332377,0.6109380463887112,0.0168104063326542,0.0143333472779781,3714.612806608418,4532.384184379173
01:38:00,0.147209721300604,0.6106564135771562,0.016288137259995,0.0148418044000402,3768.0006563138422,4624.20736826662
01:39:00,0.1463584199774879,0.6107343181291844,0.015926325288256,0.0146706014100283,3726.6475837177054,4564.3831803044795
01:40:00,0.1459668473556637,0.6107312190121335,0.0159438063442919,0.0144966322779332,3821.237208930883,4680.246793287474
01:41:00,0.1472896701551485,0.6108200681548589,0.0159898710112628,0.0142317690511161,3789.099242731928,4648.780415986747
01:42:00,0.1460243262397073,0.6108671395943378,0.0161207696857618,0.0140369703952807,3923.313551235687,4854.16880222832
01:43:00,0.148564904988171,0.6107063488637099,0.0165749078575059,0.0141080120185433,3815.258849594332,4692.7602096060455
01:44:00,0.1494423157506417,0.6108272550046869,0.0163699927653339,0.0143037910644322,3747.882851308227,4586.553971102478
01:45:00,0.1491177701505636,0.6105073501627805,0.0163488215821446,0.0141550644617042,3786.3184391454256,4634.685494870159
01:46:00,0.1496276473821279,0.6105300494936549,0.0163487335344361,0.0141778400910243,3793.712682841404,4648.6449692664255
01:47:00,0.1489353787797865,0.6107345115336842,0.0164878503863719,0.0139667931036826,3805.2951531383046,4680.325500974502
01:48:00,0.1457131903287054,0.6109106048683606,0.0157506716253464,0.0138275279597312,3744.617949437971,4568.377094623563
01:49:00,0.1451156187904763,0.6109703414465331,0.0158170682701011,0.0137897402851308,3792.31059148608,4656.088679093328
01:50:00,0.1455268931893379,0.6109958334203867,0.0158261070785214,0.0137414136218291,3785.227690638541,4589.55676910632
01:51:00,0.1470922383541245,0.610739960404434,0.0155117753652849,0.0141331593853334,3764.123077547494,4566.947298852208
01:52:00,0.1468138825514927,0.6108007905711494,0.0156231852327389,0.0140904130507975,3766.653529317237,4552.39779147209
01:53:00,0.1470379179303385,0.6108422217455152,0.0154806232108607,0.0139878295892026,3703.483246781581,4483.387176131528
01:54:00,0.1475020493139268,0.6107996026684844,0.0155986488551914,0.0141638347923197,3715.483091903561,4491.629691963105
01:55:00,0.1480392319098815,0.6108277386870087,0.0158305998328854,0.0141427656925254,3804.818413050043,4641.562512007537
01:56:00,0.147981592079725,0.6106863457291143,0.0159941542164286,0.0144332151568798,3816.0615616471064,4670.256334385294
01:57:00,0.1475903791221058,0.6105622483145098,0.0159956595267654,0.0144406731134016,3791.078311251416,4632.77246234646
01:58:00,0.1470806421128421,0.610638981094617,0.0160138844371573,0.0145464014287932,3803.535726123386,4625.927771340351
01:59:00,0.1473260754415914,0.61061182646949,0.0158606108614675,0.0142805988974361,3829.785328786875,4665.6117281706
02:00:00,0.1490466236305686,0.6108858305534316,0.0161965018581555,0.0139625468019401,4096.701192039822,4996.01761699197
02:01:00,0.1546230093469234,0.6110528023811108,0.0168059401223665,0.0138249934888802,4000.2479644606,4914.388246337973
02:02:00,0.1537918756294747,0.6109127512707767,0.0168343107864932,0.0139529176573297,3910.824399698193,4797.2607014237265
02:03:00,0.152872849436831,0.6108152179558467,0.01706877458314,0.0140789724789744,3932.139828043174,4811.806848908718
02:04:00,0.1520420928904127,0.6104374815247837,0.0169541921003027,0.0143497605811381,3911.027954005287,4776.972065767699
02:05:00,0.1525448888031753,0.6104840260052411,0.0172125032379196,0.0141772796431956,3891.748268440285,4730.296140721109
02:06:00,0.1521771811240247,0.610661482728697,0.0172576571445791,0.0139038669452236,3808.7202640080623,4613.240802248405
02:07:00,0.1496017924634145,0.610999973684155,0.0165996117614103,0.0136373915971381,3826.064165079912,4638.6226377111625
02:08:00,0.148522683379799,0.6109212519205327,0.0162328837165683,0.013867138544748,3788.0029580695655,4569.915798099078
02:09:00,0.1477189476318265,0.6107177259322542,0.0160929052420155,0.0140513408270403,3840.2940293099223,4687.539377535349
02:10:00,0.1484828001977937,0.6106568966405994,0.0162077550911941,0.0138178282312049,4039.112113371079,4919.147408314979
02:11:00,0.1506643837208014,0.6106369991652417,0.0164417567172895,0.0139268979164267,4088.549094912352,5069.3330477359605
02:12:00,0.1494642828603545,0.6106275069699645,0.0163359523795169,0.0138621544112092,3950.572595117316,4828.458562406914
02:13:00,0.1494472090424225,0.6109358133815802,0.0164007588767765,0.0137366484122546,3781.1880296263225,4572.146670004846
02:14:00,0.1478069354114891,0.6107936207433617,0.0158060662437,0.0140482008186998,6947.1978993913035,9931.624463723154
02:15:00,0.1478330893202659,0.6108674940261137,0.0159003369270471,0.013791473907899,4039.3833455941704,4959.670264476527
02:16:00,0.1488775109834914,0.6107961165810908,0.0159836087070519,0.013660908384636,3893.138517379738,4732.960685821291
02:17:00,0.1485801673827124,0.6105491963722457,0.0158739262715481,0.0139110895360223,3869.8892221463007,4728.46393806916
02:18:00,0.1473084468725912,0.6104697744415971,0.0154817420595735,0.0139895369251988,3941.758811552288,4845.579953479949
02:19:00,0.1485512319521966,0.6105668878543136,0.0160899629189451,0.0140280626961222,3840.6096910233823,4692.622022019395
02:20:00,0.1491214915983026,0.6106545981406992,0.0162116620361805,0.0138831399159609,4010.13807990227,4910.427085748057
02:21:00,0.1504213181696174,0.6103671796440178,0.0161902362591422,0.0141127020084551,3903.574764082197,4752.615567411332
02:22:00,0.1487385278975927,0.6105972090534099,0.0161163323358291,0.0139303934676708,3980.2185671595535,4882.8395180907755
02:23:00,0.1479633076939124,0.6109346624842482,0.0163179095970569,0.0136522465086905,3927.181091267382,4835.059492437793
02:24:00,0.1478154945543432,0.6107755083662686,0.0161618889449682,0.0138078768229044,3936.3233302252265,4841.019638627609
02:25:00,0.1483430473603934,0.610804086253924,0.0162132659198072,0.0137714022612285,3895.256315878218,4776.020915698409
02:26:00,0.1494913197614839,0.6106178855998506,0.0161340152331612,0.0139652868690069,3852.056618172599,4696.081158497325
02:27:00,0.1472615001078404,0.6103352144617975,0.0159559875082274,0.0143825537296177,3840.081751595286,4707.11733264614
02:28:00,0.1471203709919082,0.6105119308958779,0.0160827715657505,0.0141081148356185,3785.8935010782025,4609.975476049021
02:29:00,0.1482341636680629,0.6106831492944328,0.0167109547622118,0.013970893806893,3974.610562349146,4835.621568228671
02:30:00,0.1478034631371106,0.6103596767386972,0.0164934119590143,0.0140823760611542,3908.9441564402746,4763.610428858684
02:31:00,0.1502126276522227,0.6100882146727065,0.0170482287150108,0.0142864727762495,3859.2852887711247,4676.151564508555
02:32:00,0.1491372690221633,0.6097984171464901,0.0170395677390384,0.014523930540059,3742.571060638129,4543.586775258051
02:33:00,0.1495465206918983,0.609668607925087,0.0172534200354489,0.0143156376397212,3818.765725553456,4666.213967322174
02:34:00,0.1481854131605035,0.6099156212247294,0.0167719104641361,0.0141749664173512,3712.5637402264383,4505.938417113517
02:35:00,0.1468692691441985,0.6100521628632237,0.0167810322666642,0.0140975423912068,3718.01885050009,4508.815133126157
02:36:00,0.146780541465816,0.6101835336555237,0.0166912874211234,0.0139348116393558,3719.551325835965,4523.8628676753915
02:37:00,0.1454587702629715,0.6101021772319358,0.0163163914363156,0.0139167674180068,3688.2271990932672,4502.294758946049
02:38:00,0.1447750198431047,0.6099169500450282,0.0160400896812254,0.0140736819791236,3801.4595474048774,4665.161964364086
02:39:00,0.1445847936268193,0.6100630374008948,0.0160562154850318,0.0139475553678628,3699.6592394181166,4508.36571956684
02:40:00,0.1444851926152156,0.6101826786039894,0.0159698178536373,0.0140402917667508,3756.135161912617,4548.268115495177
02:41:00,0.1460088313954757,0.6099190413526121,0.0157969790857634,0.0140100759392838,3733.844951093475,4549.233222242586
02:42:00,0.1442743409226021,0.6100209259230039,0.015696007764591,0.013947862629492,3724.7357439936777,4531.99363142327
02:43:00,0.1438696583707271,0.6099048046931219,0.0160768244838894,0.013944284497837,3670.3503845070127,4438.805246959479
02:44:00,0.14392587444895,0.6099259467852597,0.0161853932490554,0.0138538958820562,3631.163831439828,4392.019810177101
02:45:00,0.1447112816621059,0.6098363586653531,0.0161691730069852,0.0139039052967251,3722.022816664819,4527.546448630547
02:46:00,0.146480638348582,0.6098503967651453,0.0162543399377484,0.014155392539971,3710.171897613292,4522.089130267806
02:47:00,0.1453210578336498,0.6097888535816799,0.0160040397264863,0.0144027770224065,3710.593099540031,4539.62305675578
02:48:00,0.1430250078644416,0.6098418126630468,0.0159754584940234,0.0140656871128171,3689.496793088704,4504.082159813639
02:49:00,0.1435108940408238,0.6100619062356465,0.0161796322784148,0.0137019283826528,3693.547573076513,4506.8602635610505
02:50:00,0.1430779618640707,0.6099323588978904,0.0161274978784634,0.0137199572380693,3816.347509436211,4596.368664188636
02:51:00,0.1426126213547426,0.6099071270471683,0.0156865902035512,0.0137280007553933,3692.398828207667,4513.119869108476
02:52:00,0.141864688129593,0.6098028090247024,0.0157323660467299,0.0137401688315537,3605.296172520416,4358.492773224672
02:53:00,0.1440750376143591,0.6099948608050582,0.0158896311552884,0.0135921056607261,3536.959066816888,4249.113773462381
02:54:00,0.1429597794689225,0.6100308413657872,0.0161134452732706,0.0136120073405397,3565.0365902268254,4327.009940580032
02:55:00,0.1423464721643796,0.6099772981639735,0.0162599050454048,0.0136132591623366,3682.7692934196793,4498.108477713063
02:56:00,0.1419404897541277,0.6101966253574792,0.0157268556038893,0.0137225365597298,3609.3745051052633,4384.060091472279
02:57:00,0.1405380652629157,0.6099589786102866,0.0157729860811945,0.0137308918812817,3618.235179684688,4424.233242774983
02:58:00,0.1402335920518486,0.6101068775989096,0.0156662070284965,0.0135473708346491,3636.7225427865415,4457.348305095736
02:59:00,0.1388902662596697,0.6100659004091592,0.0153378038659378,0.0136146477065778,3607.3004900340793,4446.130078383733
03:00:00,0.1392105795638755,0.6100313324252568,0.0150711661255648,0.0136764708598662,3936.075875615178,4825.595252343897
03:01:00,0.1450940842128537,0.610178385270472,0.0158799233610379,0.0136553268693397,3758.940036996688,4600.68098449272
03:02:00,0.1422394245404146,0.6100901397699,0.0154648892879903,0.0137584170193549,3759.098235551077,4617.941672510276
03:03:00,0.1402067826763618,0.6098781574479681,0.0156187964306899,0.0137922647317477,3592.597140366172,4368.615041984393
03:04:00,0.1396445997042693,0.6100652548463702,0.015559056688865,0.013601862612614,3836.847966891303,4670.304390220056
03:05:00,0.1390007859327734,0.6101843837861098,0.0151831492972212,0.0134192970276917,3507.4060455400745,4239.510349843602
03:06:00,0.1384527828391317,0.6101847819395568,0.0149915326536993,0.0135860084892034,3545.158079807593,4310.062028041151
03:07:00,0.1374207014643963,0.6103626529706528,0.0150599422817438,0.0134372887448186,3465.46519217521,4209.649333540399
03:08:00,0.1368593820317757,0.6104752222370492,0.0151565659697799,0.0133599027900843,3471.794382423904,4217.195078064651
03:09:00,0.1358313308251832,0.6104985495431566,0.0147207169451171,0.0132600959638857,3456.0771573800516,4199.980909873259
03:10:00,0.1353128456793452,0.6102361561364951,0.0144095832202884,0.0135568585832111,3564.221033043673,4360.122277438021
03:11:00,0.1374386014676401,0.6102578011681544,0.0148091717098541,0.0136756266350489,3536.4363628504625,4324.580365395398
03:12:00,0.1364506057482273,0.6101537752352172,0.015057762211388,0.0135266191813611,3469.9272240831456,4229.480985853213
03:13:00,0.1357892845033964,0.609717373781804,0.0151030292361677,0.0135815043829829,3450.1440029666596,4208.871787238899
03:14:00,0.1348793154381822,0.6101822831607843,0.0147412533167488,0.0134841160552274,3602.5095477645573,4475.356974002032
03:15:00,0.1353387895904842,0.6102647102918556,0.0145855569502338,0.0133978497103396,3543.3610523897114,4379.702577855261
03:16:00,0.1358186764820635,0.6105295872710382,0.014739154966952,0.0134259747603104,3558.823958571236,4390.1655981165795
03:17:00,0.1351521591352151,0.610070163743212,0.0147715071075679,0.0135741681458936,3491.845613475329,4276.3023027717245
03:18:00,0.1352615339681801,0.6099669794239,0.0149840106816407,0.0136559793548085,3610.461675530339,4488.632867534385
03:19:00,0.1348755236782398,0.6101139368705424,0.0150075565778021,0.0134652864885347,3572.4842230119193,4432.51674202686
03:20:00,0.135021222069571,0.6100795451162905,0.0150879770519632,0.0134564244479002,3614.2134080631854,4456.394001560362
03:21:00,0.1371796899221937,0.6102951963994829,0.0156453437607521,0.0133766136561597,3542.1072555815103,4362.597602232352
03:22:00,0.13671093317881,0.610443577137116,0.0157210505081062,0.0131972448124029,3575.135692555325,4404.775035225181
03:23:00,0.1362390212863011,0.6104957891482647,0.0158295062277217,0.0131810608752438,3510.2939584173114,4313.839681064861
03:24:00,0.1345674680343939,0.6102257672282341,0.0156052839224126,0.0136063666306752,3424.107061017961,4166.770265435654
03:25:00,0.1342408186657233,0.609896135030299,0.015296555499705,0.0139917309477168,3419.827536820299,4151.48598143089
03:26:00,0.1346526511554066,0.6100218426326997,0.0153418988924349,0.0138043019403588,3485.711495114593,4259.250478036088
03:27:00,0.1333876933863739,0.6102190869384295,0.0153356342923611,0.0134678453140736,3504.1557416452392,4310.535842439408
03:28:00,0.1334009771730579,0.6103500341525183,0.0149465803985949,0.0133696423306271,3536.856991516971,4368.158004981722
03:29:00,0.1336237692624035,0.6102327477528342,0.0149223243292461,0.0133760212024233,3545.6811659179366,4390.186332945485
03:30:00,0.1356339475822761,0.6102065336662387,0.0148926415315635,0.0134370353598205,3574.8245611623483,4394.902181996795
03:31:00,0.1396406450567524,0.6103112281372979,0.0151106310656506,0.0133282797686124,3573.283958740856,4411.943481853567
03:32:00,0.1370909806527402,0.6104216887704348,0.0147647537572555,0.01327423910795,3536.2731992712133,4355.285792578788
03:33:00,0.1352462666856413,0.6105839831374907,0.0149760552915166,0.0132078664604399,3503.464808879673,4323.174722723388
03:34:00,0.1351014457626214,0.6106503237935889,0.0155241237253083,0.0131094685133786,3496.311596102331,4310.897125843036
03:35:00,0.1350144246778593,0.6103923030778811,0.0154216169158292,0.0132689220111416,3490.4547916958863,4291.5631329982025
03:36:00,0.1342262031916611,0.6101903752047803,0.0148178414769274,0.0133811869991325,3535.064110366531,4337.157270981669
03:37:00,0.134411685207875,0.6103887114255226,0.014815458445733,0.0134351124097351,3348.637492132529,4065.978918212928
03:38:00,0.132554510426646,0.6104502215462558,0.0146520367545145,0.0134261053134497,3364.3701229968474,4088.468706854645
03:39:00,0.1326826006088583,0.6106252526118858,0.0146948981723651,0.0132962432315754,3326.456925647453,4035.152145720582
03:40:00,0.1321393429655626,0.6105526537395137,0.0149316158177119,0.0134640468412511,3534.3881655380937,4361.741568193433
03:41:00,0.1343586115875021,0.6104718222619558,0.0153167380276439,0.0135410595102984,3508.878070634364,4294.395926441325
03:42:00,0.134550545686128,0.6104130475694154,0.0150279717424386,0.0133940045749077,3525.9288613649037,4335.163829688508
03:43:00,0.1344561706296745,0.6105464944388732,0.015315775693439,0.0133561697192263,3439.828019853037,4225.242755282476
03:44:00,0.1334806048002304,0.6105283662249558,0.0149359645938506,0.0134303486322096,3453.7458127893915,4242.143325723396
03:45:00,0.133198886055037,0.61000136675401,0.0146816622147585,0.0133877479951642,3403.7998007996352,4175.668538885006
03:46:00,0.1332859798089908,0.6103477294052329,0.0150077536966064,0.0131611194314715,3428.042148104901,4196.757106778488
03:47:00,0.1323305832916094,0.6105086826765739,0.0152285919402585,0.0130645884393977,3447.9075748729697,4244.669954149454
03:48:00,0.131793580368159,0.6103562582067265,0.0157225259389509,0.0132327432443663,3450.9310560598383,4253.594312728826
03:49:00,0.1309149692618452,0.6105184529740357,0.0150490261528977,0.0132347322415353,3363.507751785138,4111.315852598295
03:50:00,0.1318380883600629,0.6104854424682359,0.0146049035348548,0.013091499881156,3449.364508417878,4230.668006768297
03:51:00,0.1327567651092087,0.6105266026930158,0.0154740581752275,0.0132128972678818,3450.2298841519323,4231.377442406647
03:52:00,0.1331525356722467,0.6105198175813645,0.0153473332700463,0.0132940315307516,3368.2742992159774,4094.062916650121
03:53:00,0.1320485157127042,0.6105714033026605,0.0151797972747033,0.0133933886504876,3491.8637065494695,4326.878093361231
03:54:00,0.1315990966096934,0.6104777884021295,0.0150449401793418,0.013405243905139,3352.193147330013,4070.831269986027
03:55:00,0.1315749228962383,0.6105368925535178,0.0152422712859585,0.0132810067009985,3347.7594268579683,4069.075209456388
03:56:00,0.132130439946822,0.6105684426071482,0.0155209948272591,0.013246181156236,3366.8966471176404,4101.348567298967
03:57:00,0.1304097514394314,0.6107207999849896,0.015636565542585,0.0131169891493998,3325.139687205254,4053.737038378308
03:58:00,0.1299542078670471,0.6107320740954842,0.0153764135063544,0.0131109846997744,3450.3581356479,4260.04413991572
03:59:00,0.1301379685244135,0.6107023185082111,0.0150370667004171,0.0132140401869778,3467.873674911095,4248.675457589374
04:00:00,0.132040747333536,0.6107707341465585,0.0152772754813682,0.0132419677764353,3574.4152789548316,4338.361365201827
04:01:00,0.1385850155798548,0.6106366414254937,0.0161832203919823,0.0132492103278295,3496.4635108763523,4332.533546724647
04:02:00,0.1366682653407327,0.6104877821258667,0.0154063962867751,0.013462924823718,3450.9499422570725,4242.08304155355
04:03:00,0.1340035894234724,0.610459894356548,0.0153053794544446,0.0134859795497739,3465.040311543104,4264.883474052858
04:04:00,0.1329862805863162,0.6103160359449974,0.0155434288971761,0.0138119106645324,3444.1432680913867,4232.479069968057
04:05:00,0.1335922132202808,0.6102557857254717,0.0152627005274104,0.0141199821811326,3480.336257379792,4300.797316904514
04:06:00,0.1343744850761824,0.6104416658811933,0.0154213956148209,0.0138456653509439,3707.517455289539,4572.675037015773
04:07:00,0.1344966592443144,0.6105803200209122,0.0157710808383033,0.0135369205927286,3941.042698938283,4988.08173997688
04:08:00,0.1342644973827924,0.6106303134722851,0.0161346156033876,0.0136106739484408,3421.944245446425,4211.742940356423
04:09:00,0.1340164252005505,0.6102489340617865,0.0168574992187461,0.0141348387339392,3419.11628194802,4205.835709516297
04:10:00,0.1368387020901504,0.6101588983076595,0.0173087894561445,0.0140633850120762,3539.9935983594273,4366.712963388849
04:11:00,0.1415164339384927,0.6104919188762595,0.0180345003555694,0.0139123451831834,3504.569085168051,4341.407880145008
04:12:00,0.1397972052625945,0.6105644152248507,0.0177214609440297,0.0136042112670241,3504.0091572746956,4329.649226802818
04:13:00,0.1373463222681897,0.6104794425130438,0.0174315770091672,0.0137799292337846,3485.8780295002757,4321.95306999951
04:14:00,0.1366886912125568,0.6104160350617589,0.0178624019549054,0.0138322923621296,3499.530399447931,4349.288945911431
04:15:00,0.1404831509007638,0.6103512271803013,0.017239936246283,0.0138667728196038,3476.9832881024936,4296.2964161203645
04:16:00,0.1364215214822738,0.6103975979639631,0.0164981905711172,0.0139215597904334,3476.9809127599274,4297.155152418185
04:17:00,0.1350169069197446,0.6104462756005941,0.016369384820987,0.0137729641243451,3473.6995996488595,4326.642482304158
04:18:00,0.1361481079660495,0.6105705612692188,0.0169197460112035,0.013621124751768,3506.219933328226,4371.86189498371
04:19:00,0.1369277336376354,0.6106584301767634,0.0181214387240479,0.0134284097996102,3462.805160488761,4311.501660965959
04:20:00,0.1357353310684102,0.6104201826885198,0.0175720068714674,0.0136005615007872,3403.3559711244434,4178.723395413605
04:21:00,0.1354309024002745,0.6102853429115875,0.0165373854545743,0.0135445603057375,3308.5516159612407,4037.43355587184
04:22:00,0.1333237155055888,0.6102633048027857,0.016245443271129,0.0135965390758313,3260.919954278809,3959.2376431111456
04:23:00,0.1322228788358746,0.6103819241684375,0.016136368519682,0.0135580131608261,3326.4191591587605,4088.95219708004
04:24:00,0.1324482359098066,0.6104286385607187,0.0156421623080744,0.0137539807491441,3367.0638131873275,4155.040674471037
04:25:00,0.13382474567139,0.6105332085876669,0.0159850216587185,0.0136787275681227,3401.8815803453476,4205.55421156798
04:26:00,0.1353570615054123,0.6104109827513405,0.0165651747433987,0.013808624841783,3402.9390030714544,4201.444029980485
04:27:00,0.1351662484807151,0.6104683007872588,0.0173939419519073,0.0137376638672312,3389.936949799035,4184.229267709375
04:28:00,0.1350801702543912,0.6104552170823304,0.0168867764167457,0.0135536708072017,3372.5203795528314,4161.34786507159
04:29:00,0.1354627978428439,0.6104365016685476,0.0167839310629623,0.0136526717949204,3365.2667291334797,4144.108999545045
04:30:00,0.135380627748458,0.6105238281899542,0.0166607889090494,0.0135849736493806,3502.0456529872667,4331.64028627688
04:31:00,0.1382130176219297,0.6105638508733418,0.0166663082891948,0.0136070873543838,3453.24053198039,4259.059610441347
04:32:00,0.1367263293028564,0.6107384861317352,0.0158922747284079,0.0135359891620312,3461.199474800211,4277.350819350206
04:33:00,0.1357761711850512,0.6105736692894835,0.015977492177821,0.0135719157308717,3267.115028224322,3967.957578826692
04:34:00,0.1340728390352686,0.6106060871813315,0.0160694228215543,0.0136300994397028,3365.147442782682,4122.593971628073
04:35:00,0.1350500588074973,0.6107047709462492,0.0166546676188646,0.0135747946615864,3529.806732048949,4301.374934189095
04:36:00,0.1364057136767529,0.611056329868066,0.017133777008502,0.0135490900531089,3470.0577517867055,4293.026685486368
04:37:00,0.1391927701156205,0.6107290642197153,0.0188045978584714,0.0136184520912756,3395.262824522854,4180.7308006441235
04:38:00,0.1390102498237305,0.610669834172764,0.0196724703256773,0.0138935925084116,3315.3174363189128,4036.707647541278
04:39:00,0.137759273831676,0.6104722705964848,0.019600324418893,0.013896988192573,3313.6773133022166,4022.636264917951
04:40:00,0.1383587427704173,0.6106122109021597,0.0198427937242168,0.0137706855466658,3422.815876835604,4173.4740306813965
04:41:00,0.1422171665682846,0.610762808163906,0.0206056612758819,0.0136114095974391,3441.5758069627686,4231.562274239361
04:42:00,0.1419847525592398,0.6108234315714915,0.0205722174956596,0.0133316838674689,3378.593299385558,4107.8209847039125
04:43:00,0.1409501502404136,0.6109599102112108,0.0195207194048684,0.0133754487420555,3372.895525584295,4142.320293876242
04:44:00,0.1388309141518185,0.610594949087599,0.018646491650643,0.0135569096205051,3391.4940849402074,4176.156256181018
04:45:00,0.1399465890920381,0.6105277159390985,0.018239585705734,0.0137066857250247,3310.642796797057,4030.503145919129
04:46:00,0.1404661662835381,0.6103843576580574,0.0180925932422337,0.0138301755879967,3356.171090230919,4090.356596564271
04:47:00,0.1400556680023831,0.609776701575187,0.0179278690340408,0.0138266358855582,3336.0763022898036,4101.574312576176
04:48:00,0.1383292307167025,0.610097690359509,0.0173750007652401,0.0138629669048818,3415.720777053931,4220.504659086834
04:49:00,0.1395012559737526,0.6102803078097413,0.0179596199612042,0.0138401013489174,3368.9892755945766,4148.743784631248
04:50:00,0.1389556945539735,0.6103132940306987,0.0175027098005175,0.0136342091407814,3427.1041474792687,4214.756892976259
04:51:00,0.1388505090449316,0.6105173405883908,0.0170768848264699,0.0135122046256055,3450.798575904177,4273.48861560121
04:52:00,0.1367674406416535,0.6105691685319924,0.0158052066021575,0.0134122078444676,3430.9147751183987,4239.540692255184
04:53:00,0.1361682377672611,0.6106076518250397,0.015357931937305,0.0136078177094556,3359.3152696741213,4128.249794671367
04:54:00,0.1361023522034938,0.6106590646335962,0.0155861556418429,0.0135583725114144,3326.11635057304,4070.0292023710126
04:55:00,0.1354075532175782,0.610420022673899,0.0163645207958583,0.0136879845332136,3374.492433207852,4142.237373442183
04:56:00,0.1362569135494917,0.6103817424448705,0.0165681815248136,0.0136302099889787,3489.9022852003477,4320.2789901135875
04:57:00,0.1356570337817588,0.6104444281327536,0.0158588461089884,0.013723876090928,3286.052274097604,3994.4748856043866
04:58:00,0.1351635539875477,0.6104699518062234,0.015575392490975,0.0137262296752166,3344.5092052514624,4072.483308959806
04:59:00,0.1353524622351909,0.610581462843856,0.0158839114082788,0.0136903267130449,3617.475329640247,4426.601680316402
05:00:00,0.13612400322564,0.6105143818887824,0.0155024341274158,0.013899644062195,3767.5157356216982,4554.4523109302345
05:01:00,0.1423475318000286,0.6105142261111771,0.0159675590725122,0.013771111211148,3442.6472955473528,4209.040338520752
05:02:00,0.1418306146929488,0.610420721381863,0.0156955123758974,0.0139739659633508,3417.366082415057,4193.292958440897
05:03:00,0.1405763614632967,0.6104806266473349,0.0159378790512903,0.0139229344434556,3522.7434372381595,4362.242203196171
05:04:00,0.1411595148970205,0.610566429107382,0.0161850250709981,0.0138661677564953,3474.4162053945415,4287.9013843017465
05:05:00,0.1410160910740437,0.6103474659105373,0.016247021963191,0.0141286758419233,3449.2722085698106,4225.233137082345
05:06:00,0.1428916812693886,0.6102261923216605,0.0166899925985243,0.0142172671181321,3591.735571110416,4446.16277787019
05:07:00,0.1420231057368458,0.6102982453953067,0.0167830744366975,0.0140873752687147,3509.819951425029,4337.596748523185
05:08:00,0.1393155272913097,0.6102326427818203,0.0162151333938967,0.0140610745610689,3552.228928459035,4427.619108483672
05:09:00,0.1377430684307851,0.6101647046457713,0.015994698841599,0.0142330079586919,3462.842359975618,4275.848602472556
05:10:00,0.1371335077520683,0.6102287890549457,0.0156026498648528,0.0141515160187267,3547.677245048135,4393.525178917045
05:11:00,0.1394096857021973,0.6099922353740115,0.0163200151627164,0.0141829518244066,3463.140187189854,4247.083675062176
05:12:00,0.1377437070557107,0.6101215597946051,0.0160003964585696,0.0139022257028699,3572.580511351286,4440.431945447756
05:13:00,0.137914034459078,0.6097554077585582,0.0155428597383447,0.0141993519775362,3603.637541962956,4497.9454621090645
05:14:00,0.1366683341441793,0.6099814262439064,0.0153801634995304,0.0139394578052661,3607.745237620352,4487.117976156785
05:15:00,0.1359742854635447,0.6100848037760208,0.0149534062590639,0.0137936092353858,3623.3712707060463,4512.006805266852
05:16:00,0.1371369813410755,0.610006019761722,0.0151672317581109,0.0140354619870851,3410.1747075190456,4176.947757943447
05:17:00,0.1365664482300433,0.609629888214292,0.015020136098948,0.0141502671658533,3381.1568258750226,4148.652073080866
05:18:00,0.1361453648670968,0.6095657200557619,0.0148180374473243,0.0140755086311159,3444.2385130011003,4244.044979756791
05:19:00,0.1365441509362492,0.6094550705009082,0.0151086253177278,0.0139689620958694,3499.4236268580657,4352.681310023441
05:20:00,0.1380301654114577,0.6097183831410737,0.0154684204424677,0.0137477437764673,3625.7958218470753,4496.130249072556
05:21:00,0.1402217822821987,0.6098557408585341,0.0159733995367349,0.013571731586851,3568.2883103416953,4434.629745805895
05:22:00,0.1395112444371534,0.6098453599527847,0.0161173128627058,0.0137595403452746,3574.0181262969813,4441.671681323741
05:23:00,0.1404065912364304,0.6098948873859765,0.0163545234857995,0.0136230152256796,3418.1565581741756,4182.371897452061
05:24:00,0.1399154223954105,0.609593909686847,0.016130763418138,0.0141217585509771,3448.0326158568696,4243.104399053662
05:25:00,0.1396928349185403,0.6095257702202307,0.0155619993647143,0.0143568742023784,3429.6904292695103,4189.7140410991415
05:26:00,0.1404354919037814,0.6095188035817032,0.0156270121308246,0.0141171099246807,3483.2010306080797,4308.135316295559
05:27:00,0.139991175016305,0.6096814561963072,0.0153127324980539,0.0137546833382507,3487.825520715594,4320.174453892773
05:28:00,0.1403518511411203,0.6097674267553015,0.0158718770043162,0.0137516889072292,3498.0029235238867,4325.233351394931
05:29:00,0.1398263673694254,0.609701410839457,0.0156399705416773,0.0138704549722887,3474.7256797554496,4300.438239755757
05:30:00,0.1408238440033037,0.6095314289051112,0.0153230381672926,0.0141259529600444,3515.593421048558,4313.816143791072
05:31:00,0.1455329564811008,0.6096442327576032,0.016153292274333,0.0138499952279141,3591.2004538267856,4479.708677257293
05:32:00,0.1440434190570944,0.6096987471818405,0.0166746751133519,0.0137790726231782,3567.59045511825,4414.80333496183
05:33:00,0.1417322958727287,0.6096979123578322,0.0167054164758596,0.0138569336495981,3566.9871462495616,4423.124317020642
05:34:00,0.1402360506120061,0.6098443925730327,0.0163689011143034,0.013712072594304,3714.8461067735234,4572.166281659061
05:35:00,0.1400972665870059,0.6100021931838454,0.0167997348789744,0.0135666184570006,3480.434282552892,4251.104603585445
05:36:00,0.1408819401825755,0.6098535425663624,0.0168286464094951,0.0138040668998585,3828.068232757866,4674.070695813014
05:37:00,0.141832920238627,0.6096323416815371,0.0170457532483295,0.014106084064191,3533.3929036875043,4301.238187216399
05:38:00,0.1424752260722949,0.6096878430220484,0.0173897389778165,0.01417855250988,3671.8017391530384,4520.744563903939
05:39:00,0.1425322359033555,0.6096949936389005,0.0176621199726669,0.0139500698919851,4168.450467133933,5279.067435629046
05:40:00,0.1429706782518187,0.6096699163100037,0.0182108679258459,0.0140380798495776,3653.842207769798,4460.1150763925025
05:41:00,0.1460628877121051,0.6095119067648876,0.0192700675874346,0.0139655107048982,3624.7755290849054,4427.649893208044
05:42:00,0.1467382390204946,0.6097184376077147,0.0199969401196338,0.0139277808736009,3603.52891911148,4405.314450882483
05:43:00,0.1443023854465016,0.6095081678249981,0.0191288478564995,0.014009683748416,3649.614610067119,4504.79152925006
05:44:00,0.1435114830591196,0.6088775038956349,0.0181354922261354,0.0140998607588803,3604.578657447089,4431.686897384909
05:45:00,0.1434118739492275,0.6087649067642104,0.0175178748230044,0.0137836962626215,3624.0912293905585,4459.351521651561
05:46:00,0.1426045947120963,0.6090352137597728,0.017087041938676,0.0136967912668405,3590.038176629717,4389.316614497907
05:47:00,0.1424386192141782,0.609193673887454,0.0168276129363631,0.0136187169110777,3585.4669835249993,4408.36257671585
05:48:00,0.1431844058988177,0.6094001337164221,0.0170706185026715,0.0136432389079919,3529.06469167086,4301.819718682843
05:49:00,0.1422271177425475,0.6091811132795245,0.0166176046670917,0.0136500884944862,3654.1742547149543,4531.863208555348
05:50:00,0.1403591191024271,0.6091341443440994,0.0155412261151835,0.013612751387617,3662.935265345093,4525.215848406974
05:51:00,0.1417161321450677,0.609310238651191,0.0157331392316922,0.0134408008798863,3660.2072453377505,4524.790427767778
05:52:00,0.1409497367662776,0.6095398826148767,0.0156523138798404,0.0133060800350136,3674.0203557333416,4536.819680777771
05:53:00,0.1401104343189654,0.6095725140355799,0.0152022940196293,0.0132346430628002,3497.1578299329244,4273.411305024544
05:54:00,0.1391670989598919,0.609536393427391,0.0151919852122222,0.013337959056298,3482.4125445363793,4241.94109982749
05:55:00,0.1388397512567747,0.6091669658949729,0.0153325328742728,0.0137850595861468,3521.6533069365328,4303.646244163983
05:56:00,0.1409570799691235,0.6087808486197477,0.0162094243332676,0.0142053411527687,4106.9118390198955,5187.751227657964
05:57:00,0.1411722541521047,0.6086292506866392,0.017181429657814,0.0147217749929877,3512.7601815936455,4304.160452273124
05:58:00,0.1400878970593509,0.6085614376021842,0.0167510325296257,0.0146098802937262,4099.439745164841,5197.83891412787
05:59:00,0.1398589608818445,0.608778848344778,0.0160745951081331,0.0141429799135992,3607.1259855923786,4388.58460229979
06:00:00,0.1415047717884738,0.6091688868106797,0.0168104222512623,0.0138853235340614,3803.7665632299695,4629.57101916557
06:01:00,0.1492210453986527,0.6092406210648551,0.0183286364407453,0.0136424179112063,3736.167831226064,4597.089942546782
06:02:00,0.1478598087505463,0.6091450567990704,0.0173292712224613,0.0139310277531803,3705.0390376997866,4568.4324917445965
06:03:00,0.1484529102028434,0.6089094460003531,0.0171108914869915,0.0140647732129577,3651.2470203630983,4506.092615560237
06:04:00,0.1464002825062465,0.6089241613286392,0.0167681559389556,0.0139610968431857,3731.974946502139,4616.505180789883
06:05:00,0.145214130907669,0.6091256779610026,0.0171163208120078,0.0139072715732089,3686.559977747588,4557.048271706691
06:06:00,0.1455502442622372,0.6092552716886107,0.0175608558355757,0.0137589451222565,3581.07381617742,4398.230571658043
06:07:00,0.1441269871596921,0.6091552451924369,0.017684265029336,0.0138017012349978,3616.0574559619554,4485.709728655634
06:08:00,0.1431836513012854,0.6092838876155106,0.0170996218661391,0.0137038185403891,3512.467618708529,4307.434342981039
06:09:00,0.1429532208080941,0.6090579254722763,0.0173564279060135,0.0137945777952544,3556.422285842329,4395.404410675677
06:10:00,0.1440568448431907,0.6088811412507787,0.0171576041697476,0.0138033583750759,3692.8524837243945,4584.488607732898
06:11:00,0.1459048751898005,0.6090432530233991,0.0167877358885827,0.0137244201479208,3624.89286519223,4492.823363868363
06:12:00,0.1450794772802794,0.6089335635609631,0.0173781602852796,0.0136472249455476,3625.0746923701417,4489.858787646576
06:13:00,0.1443919428547672,0.6089180869209807,0.0178992258104788,0.0138379334106968,3495.6069469509503,4293.091838020492
06:14:00,0.1429421408329853,0.608960807429028,0.0174433717741869,0.0136911346481693,3465.008716398368,4228.116512014826
06:15:00,0.1445267341878119,0.6090554938653532,0.0172228718055823,0.0135632272516559,3634.083604114302,4509.672376609338
06:16:00,0.1476391274269464,0.6090693961936192,0.0173824347232354,0.0135090389792976,3504.009258100335,4278.38718320418
06:17:00,0.1447140179734156,0.6087852653118055,0.0172231942472589,0.0136301825886415,3607.7958229261794,4478.782915559477
06:18:00,0.1429541723751428,0.6087386451712186,0.0173410545828449,0.0140650418400793,3524.541131085524,4333.392751498165
06:19:00,0.1443738939481043,0.6088757132969631,0.0182195945942622,0.0138307477725492,3532.590252409148,4353.595004850854
06:20:00,0.1436951365103224,0.6090821386288044,0.0184233814627398,0.0135005207305372,3539.218935494545,4331.502157571385
06:21:00,0.1453638174531035,0.6084255312468537,0.0181959470663228,0.0135804241417419,3510.9883945489273,4284.384135258167
06:22:00,0.1451018789175227,0.6086993570946075,0.0179702397137699,0.0135166080106679,3493.2301710732827,4245.11142825732
06:23:00,0.1460474361961527,0.6087581834069651,0.017670187842858,0.0135862036052921,3438.0688346659495,4187.070024788305
06:24:00,0.1479467155066336,0.6089591308936121,0.0178188894057608,0.0135252256424353,3456.53549583785,4215.973138313991
06:25:00,0.1466690594594439,0.6087442113934554,0.0173928729892151,0.0137440412760067,3594.1117083076833,4442.4944013211725
06:26:00,0.1455293136561667,0.6083346106630344,0.0172129148826051,0.0142663036446095,3621.952251901033,4387.373700770442
06:27:00,0.1431715378575896,0.6086515750103731,0.0169900809473913,0.0138339525986218,3397.4813846619836,4155.978089430957
06:28:00,0.1424850649929337,0.6088275126286854,0.0167387770739946,0.0136525092072866,3433.7462045544416,4207.628055048029
06:29:00,0.1431145016165387,0.6087178077343426,0.017083009382783,0.0135779156741557,3410.526283063444,4170.268756930143
06:30:00,0.1452660156371868,0.6089039153205563,0.0184470175933412,0.0134472182019819,3506.9079437014775,4296.190620736575
06:31:00,0.1490112846038852,0.6091605230222076,0.0193976161619672,0.0132220845341793,3612.290671174695,4398.314125399063
06:32:00,0.1484679161366493,0.6092278276800773,0.0196652226737842,0.0131916192894429,3482.2579719775395,4262.984389238539
06:33:00,0.1469720388229772,0.6092457988503069,0.0190383062608414,0.0132818154185029,3587.801322761857,4348.469254495874
06:34:00,0.1456796792076958,0.609207031578816,0.0186917800467829,0.013459683887071,3446.7426642409037,4205.8051143691255
06:35:00,0.145004298402601,0.6083786599008624,0.0184903345758647,0.0138354313821959,3530.756505850989,4368.365515298988
06:36:00,0.1451017358540375,0.6086316497882548,0.0185434449010473,0.0136812272987779,3559.2991627796982,4419.455155447313
06:37:00,0.1457674709737815,0.6089708101775919,0.0187347419836581,0.0133609318542976,3542.915146874501,4402.063297689904
06:38:00,0.1449386416244751,0.6089077550516989,0.0187483245311991,0.0134695144443986,3542.302931045893,4394.370872690144
06:39:00,0.1439726961612123,0.6088086982652491,0.0182571395175818,0.013651218486772,3562.276159436856,4442.860326135422
06:40:00,0.1447645143094697,0.6089405407994005,0.0185501085664222,0.0136633127257602,3616.676481201913,4416.644498550013
06:41:00,0.1468866296583898,0.6087326656979797,0.018407680709838,0.013756452917848,5418.952273231958,7525.824231695371
06:42:00,0.1444735940235811,0.6085971842842348,0.0173881044241628,0.0138985164344446,3639.649803041487,4477.631919264052
06:43:00,0.1424192045078235,0.6083860671850754,0.0168290958596482,0.0144296911396255,3531.5635283532415,4363.148491692721
06:44:00,0.14302958168306,0.6085630155281361,0.0169546519291093,0.0140421592339671,3537.972560430878,4378.320889308013
06:45:00,0.1431594229351102,0.6089229786227959,0.0175311014792904,0.0137038889568129,3558.0850331696943,4416.803565270672
06:46:00,0.142269355441237,0.6087613752688074,0.0165510421699198,0.0137791049903637,3534.2117412283274,4370.278672536907
06:47:00,0.1421596036224391,0.6083290721206575,0.0161087208638517,0.0140614022559437,3494.0600492856806,4332.108082612938
06:48:00,0.1411931607665202,0.608457918680207,0.0162131083893628,0.0138710043034684,3415.7922209405633,4184.613468142782
06:49:00,0.142064988044625,0.6085311519016595,0.0161367193599753,0.0137194340675878,3564.9309440610177,4440.991559794352
06:50:00,0.1435142064555556,0.6088238427836713,0.0164415095365076,0.0135565593187221,3596.700992814486,4472.169789459607
06:51:00,0.1444030123474874,0.6087776740849402,0.0166829203897643,0.0135726064386199,3498.7170443530154,4318.426410806414
06:52:00,0.1432034856714572,0.6088207973439718,0.0168254507260432,0.0135040426999414,3557.8094810668135,4368.195323136563
06:53:00,0.1411161627903343,0.6086851333911989,0.0161005089330331,0.0137613857997959,3957.1536645479073,5027.937308415047
06:54:00,0.141506328309705,0.6085828822371646,0.016804523649864,0.0139577187903707,3681.1783664391023,4551.725137523858
06:55:00,0.1414771993895617,0.6085555738065145,0.0177592732535248,0.0137618785191144,3506.649848962138,4340.280417907578
06:56:00,0.1410872054057188,0.6087222202031849,0.017441857836151,0.0134327904295026,3555.619516659172,4305.42565022125
06:57:00,0.1410027832427545,0.6090204522772563,0.0170635795896579,0.0132820885167239,3695.4923330292745,4562.5797301978055
06:58:00,0.1398117284629899,0.6088554973465495,0.0170638220872452,0.0134771784625257,3532.380496008577,4393.952237836842
06:59:00,0.1390976991058027,0.6088416368934318,0.0166875640462254,0.0135828103924708,3457.8017918050855,4219.703381091024
07:00:00,0.14138910246975,0.6089827173516013,0.0171738125058006,0.0134494661780877,3677.125591284167,4505.5864492925575
07:01:00,0.1475651698889763,0.6089566709421165,0.0180840760376706,0.0135190813057337,3504.908485636881,4298.765040981889
07:02:00,0.1472381881732151,0.6089194913411351,0.0185156019937821,0.0135767851461498,3491.6698011877265,4292.906653031885
07:03:00,0.1442605886070293,0.6085801254527117,0.0176873929232113,0.0135666308560332,3600.027546366208,4475.065277831994
07:04:00,0.1415375920110519,0.6084652632943346,0.0164891981361419,0.0136658468788605,3579.0873079615144,4442.917009920879
07:05:00,0.1414480384695438,0.608654693225372,0.0161851628382386,0.0135228015797272,3562.2028740425326,4429.489458344995
07:06:00,0.142734021890256,0.6088320504802536,0.0168873188904813,0.0133867992630168,3621.700163836752,4511.817210615839
07:07:00,0.1456055171943243,0.6088952818941058,0.0185761983498695,0.0135480571048507,3490.324369362728,4294.249630711332
07:08:00,0.1459169790457132,0.6089124636504905,0.0181205890730435,0.0134407765910796,3520.4711076253075,4339.654450735281
07:09:00,0.1426054916077967,0.6086189478762561,0.0171565890097852,0.0135469516258598,3607.3695344338194,4504.129055333344
07:10:00,0.1432461228258108,0.6086491078637316,0.0170216927768629,0.0134646110657957,3579.0289430071257,4409.264784145172
07:11:00,0.1444374833896689,0.6085746452097502,0.0171979777959624,0.0133488758612549,3670.701303178309,4582.192874717987
07:12:00,0.1441720675851063,0.608661329626371,0.0169019329641882,0.013350196398315,3601.9560567129356,4471.113696869387
07:13:00,0.1429241103038089,0.6087918653621069,0.01681811681358,0.0133714076634756,3533.242689095363,4368.984212730366
07:14:00,0.141838454693208,0.6088320352487641,0.0169734671261608,0.0132328894563783,3612.733537982501,4507.268213440442
07:15:00,0.1419426357994663,0.608881980918924,0.0175954553453805,0.0131977510092367,3525.9617134029177,4350.025882720692
07:16:00,0.1426824867330742,0.6089710750662208,0.0174297117690278,0.0131239390311235,3541.267367327562,4376.2163674901885
07:17:00,0.1429141371958902,0.6086817058976544,0.0178146329558228,0.0130976908199498,3624.445881161035,4501.197306233595
07:18:00,0.1433325521966936,0.6087529929117936,0.0177838652982625,0.0130642553840346,3500.599107525081,4298.183698802465
07:19:00,0.1432446939540424,0.6089072520070574,0.0172789245592039,0.0128626448866316,3523.7753871259733,4377.211463906104
07:20:00,0.1424984379396213,0.6087402022256211,0.0171204592250152,0.0129847278442373,3598.838028817995,4469.834172807553
07:21:00,0.1440172537449424,0.608699883311774,0.0174113635725468,0.013027668683004,3802.4974591990217,4712.974596463623
07:22:00,0.143969013070646,0.6087209862817027,0.0172693130633376,0.012948321534531,3548.0752960677546,4408.2117943913045
07:23:00,0.1438223360041237,0.6086942470233777,0.0172322842528514,0.0130199887473193,3395.38098627069,4165.927920839534
07:24:00,0.1428091830982789,0.6088320505630489,0.0174266370835786,0.012924294485738,3599.151181151604,4376.105847146223
07:25:00,0.1433489019138343,0.6086062683495003,0.0176630990897326,0.0133086141189164,3555.863157211474,4413.727010631352
07:26:00,0.1443655589797924,0.6087268960232763,0.0181446643706499,0.0131609278882006,3577.948715457937,4442.889412202512
07:27:00,0.1439712654861876,0.6089131153356312,0.0181782337785415,0.0129672801531566,3621.951574785133,4529.219620587784
07:28:00,0.1436702219945271,0.6091390013492102,0.0176540097580019,0.0127514215283786,3519.73265201038,4349.118817436165
07:29:00,0.1434851752394464,0.6089752655365754,0.0179329600498487,0.012871817994022,3427.470419383004,4203.539780760635
07:30:00,0.1425747369216481,0.6089978432774602,0.0174496079097242,0.012870912022167,3653.478840493166,4534.077976830553
07:31:00,0.1455605379347285,0.6090438687972503,0.0179571047093227,0.012747033224195,3560.4181513188864,4412.670484263453
07:32:00,0.1439895265332798,0.6088970259755085,0.0169020092252078,0.012969923225259,3754.9126439627503,4694.5212066851
07:33:00,0.1419067756264248,0.6089082708942564,0.0164381025854867,0.0130852979616648,3504.385675292761,4338.044683539483
07:34:00,0.1417049732089969,0.6089018736105319,0.0169278144177151,0.0130983802962448,3498.1517710001385,4334.316449208188
07:35:00,0.1416424411962554,0.6085825539074177,0.0167736721827972,0.0132871145508771,3706.001675373165,4569.758744618884
07:36:00,0.1412096852289649,0.6086941187106804,0.0166595261523059,0.0132157497673052,3520.4819810805548,4328.537888742147
07:37:00,0.1417367760656722,0.6088253947385666,0.0175256158435973,0.0132004621532156,3397.057300133092,4137.220801130152
07:38:00,0.1423918383700415,0.6090590646869216,0.019119212151218,0.0129861144483858,3537.811830404126,4391.2276433037305
07:39:00,0.141318582723084,0.6092033645653184,0.0189768420583574,0.0131432644763673,3468.550508845185,4274.188880043991
07:40:00,0.1394141297911881,0.6091947179797206,0.0180210235594188,0.0131578143535196,3554.4088877739687,4386.897419164266
07:41:00,0.1413546848467476,0.6084286271260253,0.0176967175995102,0.0137563962917633,3504.716882742076,4314.057636807469
07:42:00,0.1438965994521559,0.6083990279976826,0.0196422805837167,0.0136070231172807,3540.0232419686126,4374.522843622887
07:43:00,0.1411598800257914,0.6084073787317447,0.0173206889021275,0.0135695618115055,3491.903787572807,4322.4920806174205
07:44:00,0.1388970864167088,0.6083362249849947,0.0163981492748591,0.013886646523839,3439.9473802090456,4212.6629490974765
07:45:00,0.1397538187215432,0.6084443282391209,0.0170266773969654,0.0136222010721655,3598.842762631185,4461.339373848332
07:46:00,0.1426827200953189,0.6085923009135416,0.0176398443524159,0.0135544302781904,3541.9922882455317,4373.290458309921
07:47:00,0.1416057058365128,0.6087127209410659,0.0173184658257815,0.0134167461130603,3491.91336888651,4306.022029498202
07:48:00,0.1399406277078452,0.6087462940434439,0.0171317500595691,0.013236505605606,3487.991835138797,4307.109713671461
07:49:00,0.1408262988182089,0.608621433441811,0.0167626570427273,0.0133760590109291,3481.956057307954,4307.939705452874
07:50:00,0.1428228689926703,0.6084940191814595,0.0172208545136683,0.0134956266288408,3547.8578823971234,4384.623694952404
07:51:00,0.1434322095835919,0.6084521054010966,0.0178038902166893,0.0133578430736338,3526.8672812075497,4356.693994787782
07:52:00,0.1426341313314997,0.608698409136525,0.0180758243658825,0.0132058804584488,3395.697025357262,4132.582013973146
07:53:00,0.1418411119102072,0.6086492474988369,0.0172254271773706,0.0133227662640945,3408.625446917591,4168.641774081593
07:54:00,0.1409187372337398,0.6085763302081793,0.0171353199605252,0.0134032127311139,3544.7754397763074,4402.569087615465
07:55:00,0.1403563609447199,0.608572680210765,0.0170557817614381,0.0134437859178552,3467.170693731117,4279.843583314605
07:56:00,0.1403955606885901,0.6082895836923985,0.0169668155526412,0.0135239320398494,3423.566452157928,4195.12415458906
07:57:00,0.1398446649631115,0.6084733710109703,0.0171386198568771,0.0131956442974346,3394.815610567941,4153.445196224553
07:58:00,0.1407142062925369,0.6086394326066433,0.0173782794381559,0.0131137147287501,3521.859367303636,4352.419177015044
07:59:00,0.1409520234383861,0.6087711520049484,0.0176574680900033,0.01302834326486,3552.5010262209257,4363.002828926308
08:00:00,0.1413134585593564,0.6090115029693213,0.0173095543511285,0.0128512367622471,3782.187076535675,4669.973665359189
08:01:00,0.1483575886872289,0.6091394658021699,0.0183616927857432,0.0128380771746973,3682.5334677743754,4470.50527843535
08:02:00,0.1477543217361308,0.6090195102850986,0.0177732982485291,0.0129755867895534,3745.7186459582185,4585.026217296859
08:03:00,0.1460342126392739,0.6088470618265334,0.0178939561940465,0.0129872307746798,3564.9495949849293,4396.911586841945
08:04:00,0.144167477221526,0.6088967636662708,0.0174334869860209,0.0130498803866778,3589.361500857019,4435.282141427644
08:05:00,0.1445840665425912,0.60873799312311,0.017283008505486,0.0134299060323846,3477.4020467803703,4243.973559322701
08:06:00,0.1445155139451031,0.6089236007397196,0.0177348839015799,0.0131272798128909,3537.191165225847,4343.923333634072
08:07:00,0.1426141841832978,0.608895422227451,0.0175407548367907,0.0130921014884619,3417.117397921523,4174.6282618823225
08:08:00,0.1401889796656573,0.6084585210037388,0.0170941778673822,0.0134981514850599,3374.082096107969,4096.0679748433095
08:09:00,0.1398081451876971,0.6087337842543707,0.0169034435343668,0.0133089860895506,3495.503909930908,4298.722251055923
08:10:00,0.1421884974123751,0.6087115030738195,0.0176322767392687,0.0133213942131142,3612.6370533720783,4474.870102020165
08:11:00,0.1459346271739537,0.6086241074433215,0.0179181539566851,0.013181968701239,3493.8874517700992,4282.307919925067
08:12:00,0.1435600808713697,0.608645821976505,0.0173280865751961,0.013149856049815,3524.133056541808,4339.841908644066
08:13:00,0.1426994118261413,0.6089005091833052,0.0175148874574971,0.0129482994799044,3607.406639892749,4382.630549571674
08:14:00,0.141357811757275,0.6088743497075724,0.0165801461134347,0.0129804022254933,3519.2064571876954,4325.207880658783
08:15:00,0.14032106575681,0.6089508042732396,0.0161271509574599,0.0130670758085558,3486.2940835446916,4275.18298976097
08:16:00,0.1409126838937321,0.6090088314438155,0.0164068148868399,0.0131614012171097,3512.1103537559275,4313.9475978082355
08:17:00,0.1417961493545849,0.6088142403211684,0.0169592741758404,0.0132068587080612,3454.5468105705163,4232.508982920258
08:18:00,0.1403188384587385,0.6085768513585978,0.0169593682161661,0.0133789507034484,3459.6043404025877,4238.190229399955
08:19:00,0.137909043549649,0.6087617896561092,0.0166605964580199,0.0132781738622471,3457.3366598025796,4241.358131639333
08:20:00,0.1376579342827442,0.6088667897018435,0.0170706927613415,0.0132912156386055,3540.3077697303247,4353.74695748013
08:21:00,0.1383804904021529,0.6086467531642265,0.0173138801980498,0.013332960890101,3491.401773628227,4287.856466007589
08:22:00,0.1383048774897976,0.6086781860937321,0.0168965082657722,0.0133439500065775,3489.8185455137923,4286.693483382489
08:23:00,0.1384354705167141,0.6088028342247018,0.0173683694400064,0.0131726426193794,3422.7179018997776,4194.681718447969
08:24:00,0.1368503098070671,0.6089518240038571,0.0168119174888,0.0130220043007269,3412.2399865000825,4161.865229599159
08:25:00,0.1370911054244028,0.6090429798037874,0.016227920944873,0.0129022568214924,3491.8034712998474,4296.898966530934
08:26:00,0.1400281603551568,0.6088359603441993,0.0161354164676513,0.0131764459629414,3529.134543233038,4349.247095404452
08:27:00,0.1414232454965945,0.6088988925494286,0.016615617653744,0.013241756396201,3535.6415247173745,4287.876758357089
08:28:00,0.1396785076660984,0.6086263984671263,0.0158076852544966,0.0133052739429194,3402.663060370943,4156.604507035067
08:29:00,0.1385981446935213,0.6087522556547752,0.0150953197583744,0.0131393440599923,3347.1271284333743,4079.8757575936193
08:30:00,0.1382571458373439,0.6086521034321902,0.0147196469181011,0.0130750616577581,3462.5243558262864,4215.694193363045
08:31:00,0.1424673016458197,0.6089745326458736,0.0156608432957771,0.0130804545143631,3730.972891272148,4612.657521869208
08:32:00,0.1406288791260903,0.6092855963114235,0.0159061061626477,0.0130532006209601,3435.977362864528,4217.808051421979
08:33:00,0.1390639579723979,0.609020638575128,0.0159389242556076,0.0129510334448028,3397.00570420338,4165.2636854901875
08:34:00,0.1376510406602299,0.6088687377441739,0.0160561980241311,0.0130647080331954,3397.941720935374,4165.551094707851
08:35:00,0.1373751539711678,0.6090608718909513,0.0167558901688993,0.0128898663545837,3455.6666408862516,4258.88579046416
08:36:00,0.1384049542676712,0.6087629240641301,0.016247855448077,0.0132309754611441,3355.499169230027,4087.447478665443
08:37:00,0.1367028708448812,0.6088359456185437,0.0157891946106572,0.0132086157897226,3375.6365020545695,4147.37363711216
08:38:00,0.1359688167739276,0.608872627167796,0.0155531415451226,0.0132144116673447,3382.6257750773925,4146.296802728407
08:39:00,0.1358805245019261,0.6087743331687522,0.0161890843430727,0.0133540833430353,3409.803037308579,4214.134812619618
08:40:00,0.136835183738902,0.6087428795176723,0.0170426790016836,0.0133705451850279,3496.7151745510546,4307.337860931936
08:41:00,0.1391857304914055,0.6089035867708412,0.0185150976738749,0.0133221004659424,3445.0910301936256,4252.33466466803
08:42:00,0.1376749757219535,0.6090201440456894,0.017166686649603,0.0132421020608852,3273.8169954948994,3993.701639903489
08:43:00,0.1366731223432538,0.6089489071485231,0.0165690177219088,0.0133103226535026,3393.5245075301054,4200.935527515346
08:44:00,0.1351507690308325,0.6088309195004593,0.0166878315525327,0.0134241110758947,3377.7680133265035,4174.184764292533
08:45:00,0.1351579388782891,0.6088787733830364,0.0170220569717175,0.0133624397727023,3670.1786814230663,4537.0940296995195
08:46:00,0.13668900101938,0.6093951610149039,0.0171550152260532,0.0131634597611824,3452.302179218087,4175.3295271406205
08:47:00,0.1361757342332847,0.6088200413353438,0.0174232399340655,0.0132644786161642,3455.650358749744,4205.204772548715
08:48:00,0.1339173871370508,0.608974230624245,0.0176251209965737,0.0132523411918077,3298.580900570771,4052.2111045171
08:49:00,0.1352432811142427,0.6091632858819481,0.0180933186965361,0.0129318293177129,3293.1439197340865,4020.5489123454254
08:50:00,0.1368526419144364,0.6090889039657015,0.0177014742447585,0.0130739000693261,3403.2227509418053,4176.839763780546
08:51:00,0.1394366749224526,0.6091843153637329,0.0169786263517814,0.0130006940151039,3295.3929809085835,4011.2641626747422
08:52:00,0.1369792594603685,0.6091785171566956,0.0165361325244947,0.0129714876868126,3328.8869704245276,4086.5208401636687
08:53:00,0.1341757808958937,0.6091601288298822,0.0164577835084906,0.0130606403389943,3192.819384849784,3865.734654620696
08:54:00,0.1328181180627203,0.609335469981988,0.0166568046834357,0.0129193597341611,3202.877812902604,3884.2376545991806
08:55:00,0.1328804108423205,0.6093230330451148,0.0164139812572446,0.0128348383113713,3171.0134806538267,3817.487272072113
08:56:00,0.1325333265472634,0.6091903380502078,0.0158957107749804,0.0128804977332325,3329.7910517815744,4070.265735977396
08:57:00,0.1339385022926127,0.6089487136738225,0.0162772855707393,0.0132386298854046,3420.5794362988936,4142.615528474149
08:58:00,0.1327787118257681,0.6087954174137152,0.0156769551359188,0.0132958167247231,3356.656049020427,4125.465889774964
08:59:00,0.1320594473571735,0.6088758959810244,0.0154620454857388,0.0132876786767514,3292.9293548022792,3975.409037798463
09:00:00,0.1321012682049687,0.6088761722845557,0.0160759192523426,0.0131749393352877,3595.9048159526187,4400.358971087251
09:01:00,0.1424141553442545,0.6091145716738183,0.0173234437052248,0.0131207043934394,3783.0252473438727,4663.074676947454
09:02:00,0.1437251912061915,0.6091724584869588,0.0183073713781275,0.0132712712895402,3620.280240977536,4520.66965598145
09:03:00,0.1396568758312515,0.6091952557921934,0.017498133135818,0.0131688389443347,4039.576552134242,5279.321120830111
09:04:00,0.1358723854904926,0.6092325389427724,0.016400408774584,0.0132703926091385,4056.748515706311,5327.367900651604
09:05:00,0.1331651246899631,0.608897960510399,0.0155094404065325,0.0133409619651781,3810.870095605579,4917.355050063952
09:06:00,0.1328629580886598,0.6087909549020122,0.0159468288694101,0.0133591512781927,3559.5020993534563,4480.089972277306
09:07:00,0.1321287547607132,0.6088473034283921,0.0166574827259236,0.0134562343704671,3510.353865276106,4395.979024168715
09:08:00,0.1318833699194521,0.6087580005410564,0.0165575898229273,0.0135214055152051,3502.8622903769665,4403.867970707359
09:09:00,0.1319341298526054,0.6089323672035708,0.0165410104852561,0.0134370876548809,3496.331871777657,4406.701422011679
09:10:00,0.1325530345399981,0.6090250028899907,0.0167770658114291,0.013373328532521,3472.519818546788,4324.507819865687
09:11:00,0.1345315566099721,0.6091212116242947,0.0166468664984108,0.0132640777155932,3328.910707958533,4090.6230390519063
09:12:00,0.1351973557012384,0.6089993015686024,0.0157260857622024,0.0134050024820479,3329.2419681347105,4091.756726674839
09:13:00,0.1330362578006844,0.608518047728005,0.0152772491989926,0.0137040676141123,3254.8626851671697,3992.227785475781
09:14:00,0.1332116841245898,0.6086563056159054,0.0159044892903078,0.0136212030657976,3277.506313109835,4039.0433884576305
09:15:00,0.1337184673101431,0.608601471384862,0.0161666238827234,0.0135010285879614,3315.3947394679526,4097.044629421596
09:16:00,0.1341765786415537,0.6088374604983873,0.0154635171172369,0.0133513375100058,3220.624541294843,3942.802753538688
09:17:00,0.1340348643857963,0.6088824575471616,0.0162366368985427,0.0133717455558306,3217.6038817410213,3959.732388621108
09:18:00,0.1310449310652318,0.6088632340006842,0.0164193022013522,0.0134418220833465,3253.5365168372637,4017.884874833407
09:19:00,0.1308056382633764,0.6089839493012017,0.016815434565556,0.0132621738799276,3227.941093303351,3965.4112271806584
09:20:00,0.1309152786286449,0.6089811982515226,0.0161017156544632,0.0132146209979531,3270.2725252156883,3992.48081221291
09:21:00,0.1334280497200252,0.6088172687311775,0.0155937206300595,0.0135762169417137,3279.043172875188,4041.850609993904
09:22:00,0.1323776009265405,0.6088147320791867,0.0161036728073763,0.0136091444146336,3284.7597823115707,4067.44196626476
09:23:00,0.1306528229727062,0.6088429671078227,0.0165839073433879,0.0135260541866423,3244.6147883864805,4005.3457674753217
09:24:00,0.1308549660610353,0.6086967660318775,0.0177484612847133,0.0135051605323977,3123.1514152865666,3797.9756723637274
09:25:00,0.1319938802144551,0.6085522412538111,0.0180021401004617,0.01375700129579,3152.3528516652236,3837.9557822823585
09:26:00,0.1315192929106944,0.6088306751379857,0.0172643393861287,0.0133573118060865,3154.1689794560616,3838.740873610071
09:27:00,0.1288159511574382,0.6089760222388739,0.0164780684954487,0.013134569376915,3238.691303438321,3978.097624303366
09:28:00,0.1279981302196793,0.6091363430414168,0.0162484293553633,0.0129723309995015,3265.8917228777027,4021.987548580291
09:29:00,0.1273049152151761,0.6090920114947935,0.0158406635907894,0.0130001641703716,3255.671411712445,4029.0574061240345
09:30:00,0.127090767918072,0.6092214446254595,0.017016906430085,0.0131012407270302,3334.6158853546526,4155.109187806357
09:31:00,0.1318518070064696,0.6091470902787004,0.017977674997027,0.0130416097790532,3380.422082317392,4111.787809283073
09:32:00,0.131712129163046,0.6091309326144717,0.0183084272339142,0.0128296759611968,3256.327549915572,4005.4162384492
09:33:00,0.130772386469359,0.6092902188655129,0.017906858343935,0.0127840314699218,3222.5488852889507,3988.1917675485506
09:34:00,0.1302332882931807,0.6090222008439348,0.0181506843631846,0.0130986847316263,3180.5158387665037,3903.696992051107
09:35:00,0.1307001994541969,0.6090606284058934,0.0187617712387618,0.0131274693146463,3187.8057784458015,3900.698371858629
09:36:00,0.1326017324185816,0.6090435103637475,0.01882631858587,0.0133501742814083,3082.4134740058853,3740.234286049695
09:37:00,0.1296626213499652,0.6087702116785064,0.0182195703109872,0.0133903564208581,3050.8767600390524,3720.755923336047
09:38:00,0.1277260758179008,0.6089851688303279,0.0179208104580559,0.0131692995815984,3231.483080394894,3984.653101928583
09:39:00,0.1275454412309034,0.6091544420553241,0.0174786060153364,0.0129883228879704,3073.1408244390045,3743.865684326953
09:40:00,0.1269938614026919,0.6092312295595647,0.0170737328805726,0.0130082809963049,3182.820941012501,3900.861802347305
09:41:00,0.1269092819495931,0.6091470971469798,0.0173165862774116,0.0132271107237039,3126.2047772415626,3810.499967615586
09:42:00,0.1284669991513657,0.6090644073736909,0.0181062521044628,0.0132858620417803,3101.7658860384986,3788.3539822368466
09:43:00,0.1294329241574238,0.6089180897737301,0.01908150578829,0.0132439074725535,3166.6419255442156,3902.052352947897
09:44:00,0.1259626441116115,0.6089178733962018,0.0173861675000229,0.0132122253518127,3164.4962122491443,3892.7435805725345
09:45:00,0.1230480923461727,0.6090848808642557,0.0171487632410274,0.0130045005344851,3144.642745693905,3865.947550238131
09:46:00,0.1237910648737136,0.609354727166044,0.0168731934297612,0.0128886826147573,3096.5647655832695,3804.922786579409
09:47:00,0.1251821296855186,0.6093322794563026,0.0165561892531649,0.0129694295319844,3118.319814671578,3801.3409326539545
09:48:00,0.1219326913751961,0.6093146342658617,0.0170070289671329,0.0129954635002798,3245.523212999327,3955.3576119312806
09:49:00,0.1223571607726507,0.6091695276024248,0.016911964967313,0.0131334924477955,3238.2009423521313,3931.571137694398
09:50:00,0.1220805579380913,0.6090728366834027,0.016286196319384,0.0131241465278436,3224.7291852478156,3894.070671882762
09:51:00,0.1222555722470507,0.6091577935376035,0.0170380862782526,0.0130828444851424,3287.6177651339067,4025.4027761730576
09:52:00,0.1213572537400327,0.6091427928746129,0.0174556396291353,0.0130461917971137,3296.229565582867,4039.755534573844
09:53:00,0.1205274465804399,0.6092540177031549,0.0174098509840738,0.0129976726397884,3242.711167798501,3959.803403899683
09:54:00,0.1193774485263988,0.6093405420216578,0.0170721060625652,0.0129758979997868,3244.4329800714127,3961.935228566318
09:55:00,0.1209842019102279,0.6092350886374874,0.0166803104567751,0.0130443647476233,3256.173354341075,3972.84993162007
09:56:00,0.1205183915095595,0.609287998182145,0.0182302734172759,0.0130480901023131,3234.529264405204,3901.8925164460175
09:57:00,0.1214850245958106,0.6093087407780352,0.0179550078354783,0.0131788483043937,3192.0443026579205,3853.779433799667
09:58:00,0.1216782367505593,0.6092549316941019,0.0173319329939039,0.0131151170137938,3127.3099778958936,3758.690361494197
09:59:00,0.1188607426276934,0.6093122604257489,0.0172385115969527,0.0129983761888856,3207.3485568639744,3845.017104608817
10:00:00,0.1208226279600229,0.6093818947599637,0.0172290330017779,0.0129928653286819,3494.5350729534716,4247.103927505594
10:01:00,0.1278873074557562,0.6094291498033043,0.0178294443897906,0.0130775494289908,3299.945097303676,4036.989664494824
10:02:00,0.1294131953163755,0.609604414269127,0.0171038353607142,0.0130404317616748,3315.201529919516,4052.612360999368
10:03:00,0.1264800637698559,0.6094771745495335,0.0167302073908177,0.0132136122002712,3309.3189279704866,4056.585798334431
10:04:00,0.1229599878749219,0.6093796133399635,0.0172506740953791,0.0132125499216955,3239.8904853522354,3947.1565226400808
10:05:00,0.1218041418591173,0.6092151140566904,0.0178348183856837,0.013346366819185,3327.3986005085744,4047.376684283077
10:06:00,0.1251422451299626,0.609143916545113,0.0181114898257037,0.0132963160051827,3297.0020793420563,4008.084293284698
10:07:00,0.1257414709529101,0.6091894993017246,0.0184015570858835,0.0132842843207163,3198.4830995692096,3847.873233434448
10:08:00,0.1258252579065237,0.6087312261057853,0.0180127079181618,0.0133718448629795,3223.5211795916134,3910.926153927365
10:09:00,0.125031024791582,0.6088846847220012,0.0175867139186469,0.013366276782728,3213.018471871048,3909.691407951986
10:10:00,0.1215284842401236,0.6090900158225274,0.0171843941908497,0.0132910606724749,3340.1295997011734,4069.010405744674
10:11:00,0.1248976251540489,0.60902578702998,0.0172665670763938,0.0130473701050843,3359.540508070135,4127.456069572634
10:12:00,0.1252898791045028,0.6091924586199152,0.0165726628503048,0.0129290802625902,3288.380329762673,3995.3710830672967
10:13:00,0.1238311831221449,0.6094012635081447,0.0165204530016931,0.0128238138167896,3164.924903421012,3818.575945874799
10:14:00,0.1227587825042034,0.6094742895909014,0.0172446159916301,0.0127876073446047,3419.7986423762914,4133.921395946761
10:15:00,0.1208168821645782,0.6093098715869625,0.0174025219799842,0.0128793383078896,3231.495953073255,3935.7955168826834
10:16:00,0.1213479870718754,0.6091137420424033,0.0176311809081992,0.0131329237614026,3151.269200473146,3797.408956597115
10:17:00,0.1219915649008469,0.6089815226921151,0.017696915831136,0.0130168546421585,3168.197068831836,3859.875575380776
10:18:00,0.1215176221493315,0.6091279943549396,0.0190831103711472,0.0130055228751756,3170.1116484815257,3895.1319219662473
10:19:00,0.1208412210013452,0.6093005468234391,0.0202886113815035,0.0128804806805168,3129.9680150637996,3871.7914895976696
10:20:00,0.1209457481161285,0.6093296082326205,0.0206714025858951,0.0128528975317323,3169.0459985147413,3902.016721376636
10:21:00,0.1234574757082913,0.6093469022977213,0.0219694928336263,0.0128085476792173,3061.7968308440472,3727.519983478639
10:22:00,0.1245584880446198,0.6092144004770904,0.0220368005317774,0.0129948596665259,3094.236842553268,3775.0258512502487
10:23:00,0.1226262413492902,0.6090366686318434,0.021345648954932,0.0130368165496995,3080.536781350823,3767.118721034703
10:24:00,0.1201378019249191,0.6092628306146903,0.020854087942311,0.0129159031382987,3056.1545465542977,3712.0773409725366
10:25:00,0.1223284048797157,0.6093417629607811,0.0206538445761958,0.0127304041380015,3208.7991099866354,3974.546323284394
10:26:00,0.1229017998344099,0.6094872135258591,0.0203087505925863,0.0126584372116563,3126.7601547776094,3846.362590098756
10:27:00,0.1198049475634445,0.6091906325806203,0.0199410864212369,0.0130857961847199,3143.1441334773044,3886.7595801214698
10:28:00,0.1184743519193756,0.60915859845579,0.0198535655557728,0.0130758598971926,17543.759074855854,28703.729887304264
10:29:00,0.1194197743283743,0.6092187592772986,0.0191483902841949,0.0129336815861269,3150.846212144773,3840.7547680703497
10:30:00,0.1192123451355947,0.6092312749428588,0.0188694335698318,0.0128846079601576,3151.216708550262,3847.299986350716
10:31:00,0.1234990611335849,0.6091684449917213,0.0188876342773939,0.0129991374298144,3111.7024194753835,3803.539806242464
10:32:00,0.126671881459828,0.6091995142139555,0.0180910773421198,0.0129681556921414,3035.988346497994,3709.82786623564
10:33:00,0.120961254535627,0.6094131062267425,0.0173702671204558,0.0128729761732895,3138.866170806556,3877.5889154245665
10:34:00,0.1212973356525427,0.6094172951689258,0.017880321532081,0.0128784810730798,3165.598513502098,3911.0622054616847
10:35:00,0.1220761831628185,0.6093992466335294,0.0187450194221069,0.0130514317795986,3156.0611497856285,3896.135862713512
10:36:00,0.1228001546564788,0.6092795272701284,0.0196763774977623,0.0129522590354817,3062.089127876061,3724.491229361916
10:37:00,0.1213826036236253,0.6092961203472506,0.0211298661894361,0.0129623443547137,3132.701381012343,3867.563032758872
10:38:00,0.120027659831138,0.6092987587950321,0.020834463250179,0.0130384659095625,3160.1888789903437,3905.870900515595
10:39:00,0.1216799899231913,0.6092978418597845,0.0198859698028392,0.0130176638602344,3038.6516180986528,3701.9993975612874
10:40:00,0.1273752843232619,0.6095567554246158,0.0216160443274013,0.0128297319167475,3300.3303713299542,4102.584742496468
10:41:00,0.1226037402855186,0.6094606488398634,0.019421785179016,0.0129629105531039,3588.254067995353,4607.182507560411
10:42:00,0.1228788246411281,0.6093826885593829,0.0196504657207626,0.0131161824190977,3170.060572311548,3915.2166812019495
10:43:00,0.1226569792923603,0.6090558918113135,0.0198686835506282,0.0132635541448577,3152.6427458885228,3890.219618753348
10:44:00,0.1210011369484052,0.6091409331813321,0.0206000647624867,0.0131692096366756,3221.5092912473892,3986.088466420842
10:45:00,0.1206377207325362,0.6092220881519954,0.0206276052187806,0.0131178239052164,3177.44348899475,3919.1091965452506
10:46:00,0.1204297280143292,0.6091774388734043,0.0204581683128138,0.0132105237319008,3269.231296658328,4067.515866768209
10:47:00,0.1195224844658936,0.6092486059170271,0.0203601754291008,0.0130311559414104,3164.4673570662935,3915.777477312428
10:48:00,0.1174699285320814,0.6092668725403876,0.0199960579081316,0.0131025881754461,3156.184135752587,3890.2529001553535
10:49:00,0.1184892143061109,0.6093919154234513,0.022060155619797,0.0129086156324471,3177.687637196343,3939.4754941557944
10:50:00,0.1173419693996653,0.6094825371580388,0.0213758831005342,0.0127466509730594,3130.27559751788,3826.780859954515
10:51:00,0.1208212606665184,0.6094927656835779,0.0222520703980283,0.0128870429806686,3208.8752817794143,3972.485870032191
10:52:00,0.1202731561580412,0.6094521237355685,0.0220283970641263,0.012940365018768,3097.9889794726178,3783.9994236132034
10:53:00,0.1202687481297547,0.6093173466799209,0.0252065962159385,0.0129439601609926,3059.156230309159,3733.8593666348183
10:54:00,0.1183171978690736,0.6093628758135611,0.0221027173794392,0.0128998448837621,3034.8912026107596,3683.234527529396
10:55:00,0.1185556793821513,0.6090506543041918,0.0206563274320357,0.0130074625288866,3182.5588845578504,3937.88900249177
10:56:00,0.1163412457352774,0.6093580670296526,0.0203568977766241,0.0129608605320691,3174.4340617133525,3920.448922411131
10:57:00,0.1151364571360546,0.6094092338580165,0.0201514957911521,0.0128886645921375,3221.6221034765067,3985.4220617745295
10:58:00,0.1141895439731326,0.609662008629161,0.0208838947578717,0.0127788857829816,3178.912273803703,3934.573600020414
10:59:00,0.1142355167318086,0.6094214464920694,0.0217594166122199,0.0127381555373036,3267.793922723231,4032.276630444988
11:00:00,0.1191304564006723,0.6094231378664707,0.023468271895991,0.0129444957759203,3667.386164596645,4593.9799523974
11:01:00,0.1281783717719042,0.609567364568235,0.0244127685365453,0.0129972055064108,3470.910355908039,4310.938430385185
11:02:00,0.1323335945783399,0.6096352554100364,0.0230908395756919,0.0128359350959889,3385.063141189766,4186.888936250815
11:03:00,0.1283834108413446,0.60958949979185,0.021259920594774,0.0128416956182082,3426.333174754623,4269.114919149624
11:04:00,0.1225780242579553,0.6094755180860825,0.0208328916194569,0.0129930953852758,3416.728940253972,4251.745956605316
11:05:00,0.1214941934801311,0.6094329939602938,0.0204501720557846,0.0129928121347715,3425.196214913857,4266.730100379001
11:06:00,0.1214507520000472,0.6093715278459929,0.0210906458418543,0.0131467238072621,3441.17131118269,4299.305979552021
11:07:00,0.119448959044691,0.6094879189736065,0.0203435907369913,0.0130583546131106,3381.905053359874,4213.013400958247
11:08:00,0.1170603667839655,0.6092636009954978,0.0199127252354022,0.0129095481534341,3417.463651291181,4275.397567955502
11:09:00,0.1165864704513459,0.6096125454287944,0.0208464529509234,0.0127792374906813,3321.688852413554,4134.341296208747
11:10:00,0.1169154839444371,0.6096961510634377,0.0217266349329661,0.0128144370721599,3370.5381407806663,4156.033717563106
11:11:00,0.1189881602776424,0.6095299257870076,0.0218311443575631,0.0128245775396344,3397.673186940861,4245.484371719727
11:12:00,0.1183217397750809,0.6091924329341707,0.0213373370652261,0.0131189692950062,3380.206259058017,4229.865141361719
11:13:00,0.1176742739163204,0.6094346805526317,0.0204961968889998,0.0129120668806405,3426.599811854599,4300.303947046033
11:14:00,0.1171212568189487,0.6093930145261784,0.0201922615867226,0.0128478470652151,3398.6239769760814,4258.217797991767
11:15:00,0.1165528740493913,0.6095453239241522,0.0196863314018681,0.0126539119442184,3413.8520369965386,4270.451171449973
11:16:00,0.1153670176018526,0.6096359470508198,0.0194440194124655,0.0126318714638708,3446.483537496614,4324.632358616814
11:17:00,0.1167021278574191,0.6096353912033181,0.0193527249429165,0.0127295023423752,3253.341483972755,4021.18007653845
11:18:00,0.1177981941507532,0.6093225435787946,0.022325533304887,0.0128632002514419,3235.143406153148,3995.520855916755
11:19:00,0.1169855222406456,0.609184391528658,0.0218996118304696,0.0128803947453771,3343.3887899536503,4181.822513131998
11:20:00,0.115092285253725,0.6091799961473445,0.0198225359341213,0.012875902283234,3428.9517654098736,4282.375567868811
11:21:00,0.116962514995783,0.6092589985509417,0.018273916491931,0.0128910996427682,3389.1198629358687,4247.5975696236965
11:22:00,0.1179106324479821,0.6093627739596323,0.0172561364350796,0.012825930083465,3392.876222291504,4248.4826208830245
11:23:00,0.1183579878404683,0.6094948542061058,0.0185746443825213,0.0127019384229388,3355.439799426815,4191.0420405795585
11:24:00,0.1163359704071916,0.6095255035418775,0.0185610192300643,0.012612005437925,3264.51460777339,4037.2187436199265
11:25:00,0.115015027934048,0.6092843737685716,0.0170611479415068,0.0128872600606386,3269.397903632298,4035.345636152748
11:26:00,0.1170028064571652,0.6093358649904161,0.016722892072937,0.0128432239277043,3313.970937917716,4106.09524219553
11:27:00,0.1150243289283104,0.6092915285791003,0.0170809092732549,0.0127841512927837,3282.0910776373503,4063.671817128275
11:28:00,0.1141585272441867,0.6091952488923217,0.0170033668416769,0.012738150541879,3299.926581362646,4100.386721666909
11:29:00,0.1139090566804102,0.6094065360401315,0.0163883626751275,0.0127459285400803,3363.196552584689,4214.94666482724
11:30:00,0.1147455590011966,0.6093873701670159,0.0168647626601552,0.0127854469031783,3479.7369078279935,4358.62703136435
11:31:00,0.1178900570133936,0.609120909049927,0.0172546895417369,0.0130987939103846,3331.851733519483,4131.568936990854
11:32:00,0.1190730823788313,0.6092450404765157,0.0162144790938714,0.0127820414798123,3292.6163047945574,4082.4213207527378
11:33:00,0.1173124018383199,0.6093539364115108,0.0163947196654914,0.0127516489864285,3371.100914379007,4210.705705413095
11:34:00,0.1171295099246133,0.6094383310223225,0.0170709685489494,0.0127383872402107,3338.3559676981504,4159.113555090673
11:35:00,0.1157121526493544,0.6094308809174721,0.0168739702062027,0.0127686907612703,3624.7410420575943,4537.79760769352
11:36:00,0.1151726261080275,0.6094764516107551,0.0175520795813895,0.0127379158679344,3368.307844455013,4217.784141887174
11:37:00,0.1138147681152083,0.6094907433009594,0.0168989393614729,0.0126869062904937,3581.9577096680673,4475.955474190168
11:38:00,0.1126491922542723,0.6095427780431115,0.0164509080533096,0.0127483788861617,3475.061971869914,4293.81782426562
11:39:00,0.1124029480930971,0.6096862759263304,0.017908255661113,0.0126785301530688,3546.82539178814,4418.521835559546
11:40:00,0.1137959007391092,0.6095424303386734,0.0172259867857065,0.0126997992962682,3636.010856914957,4520.319262975426
11:41:00,0.1176174643379758,0.6096054394052727,0.0184943775176133,0.0127240233756026,3296.221561800567,4081.371194458866
11:42:00,0.1175672638959424,0.6095917870901119,0.0194034568914823,0.0128124891360022,3298.831366952065,4088.541777227576
11:43:00,0.1128803132391379,0.6094865088487287,0.0166288982781799,0.0128742310283239,3408.1797602333845,4300.604991582253
11:44:00,0.1128050736231548,0.6094839229652299,0.016915864226148,0.0128681937670713,3356.1594707494833,4196.061536742099
11:45:00,0.1122471401850622,0.6094491968536739,0.0167078898630119,0.0128773769544687,3507.284698213402,4436.739935820942
11:46:00,0.1134518971586673,0.6096049512028165,0.0166611505526173,0.0127408116306261,3361.319297710539,4202.433116447884
11:47:00,0.1134885385167912,0.6097333101919268,0.0170477267802782,0.0126225384126558,3350.046301099812,4186.298704312346
11:48:00,0.1117473657908857,0.6096331521378225,0.016944691155272,0.0127078469580169,3348.45513109764,4184.087388758787
11:49:00,0.1109309929979259,0.6096335360803031,0.0163704914044788,0.012745342304971,3188.964360019764,3913.691956600522
11:50:00,0.1135807348620027,0.6093131586661785,0.0182283620001692,0.0129390948925387,3347.460454882585,4160.416887932019
11:51:00,0.1154801648127871,0.6093495259613909,0.0200288469508329,0.0128961100706362,3341.48343369279,4155.0551370101575
11:52:00,0.1152598209267695,0.6095119674371055,0.0207240195927996,0.0128219562239086,3330.844082496755,4134.711655499757
11:53:00,0.1137719086650077,0.6096357771540404,0.0193694390887641,0.0127215673337278,3300.5256239985174,4100.103711380646
11:54:00,0.1125489124367605,0.6097003409991356,0.0189470483548595,0.0126869987045269,3393.3928145592404,4141.864245930446
11:55:00,0.1110444994780085,0.6097914338021966,0.0181502922620019,0.0126330748482037,3305.2177371207245,4114.302626175763
11:56:00,0.1111350852134867,0.6095222191049704,0.0179751843233807,0.012849562078428,3350.761597857931,4179.556306668101
11:57:00,0.1101056469191135,0.6094281508470021,0.0178379367299175,0.0129893978065716,3343.522029598321,4164.028524544946
11:58:00,0.10957656954239,0.6096104938992788,0.0171531400463135,0.0126814518397556,3311.274863563809,4114.546909293502
11:59:00,0.1115435486866904,0.6097499281214694,0.0170835481170207,0.0126132923275065,3356.289330709119,4181.733098685794
